id,name,price,brand,category,Mouvement,Diamètre,Matériau,category_type,price_numeric,price_clean,type_produit
CBU2081.FT6274,"TAG HEUER CARRERA
CHRONOGRAPH EXTREME SPORT",CHF 8'000.00,TAG Heuer,FAM_WATCH,Automatique,44 mm,Titane et céramique,Montres homme,8000.0,8000.00,Montre classique
CBU2082.FT6275,"TAG HEUER CARRERA
CHRONOGRAPH EXTREME SPORT",CHF 8'000.00,TAG Heuer,FAM_WATCH,Automatique,44 mm,Titane,Montres homme,8000.0,8000.00,Montre classique
CBU2080.FT6272,"TAG HEUER CARRERA
CHRONOGRAPH EXTREME SPORT",CHF 8'200.00,TAG Heuer,FAM_WATCH,Automatique,44 mm,Titane DLC,Montres homme,8200.0,8200.00,Montre classique
CBU2050.FT6273,"TAG HEUER CARRERA
CHRONOGRAPH EXTREME SPORT",CHF 12'000.00,TAG Heuer,FAM_WATCH,Automatique,44 mm,Or et titane,Montres homme,12000.0,12000.00,Montre classique
CBN201K.FC6569,"TAG HEUER CARRERA
CHRONOGRAPH",CHF 6'150.00,TAG Heuer,FAM_WATCH,Automatique,42 mm,Acier,Montres homme,6150.0,6150.00,Montre classique
CBS5013.EB0375,"TAG HEUER CARRERA
CHRONOGRAPH TOURBILLON",CHF 24'650.00,TAG Heuer,FAM_WATCH,Automatique,42 mm,Acier,Montres homme,24650.0,24650.00,Montre classique
CBS2014.FT6293,"TAG HEUER CARRERA
CHRONOGRAPH SEAFARER X HODINKEE",CHF 7'750.00,TAG Heuer,FAM_WATCH,Automatique,42 mm,Acier,Montres homme,7750.0,7750.00,Montre classique
CBS2213.FN6002,"TAG HEUER CARRERA
CHRONOGRAPH SKIPPER",CHF 6'600.00,TAG Heuer,FAM_WATCH,Automatique,39 mm,Acier,Montres homme,6600.0,6600.00,Montre classique
WBP5111.BA0013,"TAG HEUER AQUARACER
PROFESSIONAL 300 DATE",CHF 3'700.00,TAG Heuer,FAM_WATCH,Automatique,42 mm,Acier,Montres homme,3700.0,3700.00,Montre classique
WBP5110.BA0013,"TAG HEUER AQUARACER
PROFESSIONAL 300 DATE",CHF 3'700.00,TAG Heuer,FAM_WATCH,Automatique,42 mm,Acier,Montres homme,3700.0,3700.00,Montre classique
WBP5116.BA0013,"TAG HEUER AQUARACER
PROFESSIONAL 300 DATE",CHF 3'700.00,TAG Heuer,FAM_WATCH,Automatique,42 mm,Acier,Montres homme,3700.0,3700.00,Montre classique
WBP5111.FT6259,"TAG HEUER AQUARACER
PROFESSIONAL 300 DATE",CHF 3'500.00,TAG Heuer,FAM_WATCH,Automatique,42 mm,Acier,Montres homme,3500.0,3500.00,Montre classique
WBP5110.FT6257,"TAG HEUER AQUARACER
PROFESSIONAL 300 DATE",CHF 3'500.00,TAG Heuer,FAM_WATCH,Automatique,42 mm,Acier,Montres homme,3500.0,3500.00,Montre classique
WBP5114.BA0013,"TAG HEUER AQUARACER
PROFESSIONAL 300 GMT",CHF 4'100.00,TAG Heuer,FAM_WATCH,Automatique,42 mm,Acier,Montres homme,4100.0,4100.00,Montre classique
WBP5115.BA0013,"TAG HEUER AQUARACER
PROFESSIONAL 300 GMT",CHF 4'100.00,TAG Heuer,FAM_WATCH,Automatique,42 mm,Acier,Montres homme,4100.0,4100.00,Montre classique
WBP5114.FT6259,"TAG HEUER AQUARACER
PROFESSIONAL 300 GMT",CHF 3'900.00,TAG Heuer,FAM_WATCH,Automatique,42 mm,Acier,Montres homme,3900.0,3900.00,Montre classique
WBP1113.BA0000,"TAG HEUER AQUARACER
PROFESSIONAL 200 SOLARGRAPH",CHF 2'300.00,TAG Heuer,FAM_WATCH,Solaire,40 mm,Acier,Montres homme,2300.0,2300.00,Montre classique
WBP1114.BA0000,"TAG HEUER AQUARACER
PROFESSIONAL 200 SOLARGRAPH",CHF 2'300.00,TAG Heuer,FAM_WATCH,Solaire,40 mm,Acier,Montres homme,2300.0,2300.00,Montre classique
WBP1115.BA0000,"TAG HEUER AQUARACER
PROFESSIONAL 200 SOLARGRAPH",CHF 2'300.00,TAG Heuer,FAM_WATCH,Solaire,40 mm,Acier,Montres homme,2300.0,2300.00,Montre classique
WBP1180.BF0000,"TAG HEUER AQUARACER
PROFESSIONAL 200 SOLARGRAPH",CHF 3'000.00,TAG Heuer,FAM_WATCH,Solaire,40 mm,Titane,Montres homme,3000.0,3000.00,Montre classique
WBP1112.FT6199,"TAG HEUER AQUARACER
PROFESSIONAL 200 SOLARGRAPH",CHF 3'000.00,TAG Heuer,FAM_WATCH,Solaire,40 mm,Acier,Montres homme,3000.0,3000.00,Montre classique
CBU2010.FT6267,"TAG HEUER CARRERA
CHRONOGRAPH X PORSCHE 963",CHF 9'000.00,TAG Heuer,FAM_WATCH,Automatique,44 mm,Acier,Montres homme,9000.0,9000.00,Montre classique
CBS2216.BA0041,"TAG HEUER CARRERA
CHRONOGRAPH",CHF 6'500.00,TAG Heuer,FAM_WATCH,Automatique,39 mm,Acier,Montres homme,6500.0,6500.00,Montre classique
CBS2210.FC6534,"TAG HEUER CARRERA
CHRONOGRAPH",CHF 6'300.00,TAG Heuer,FAM_WATCH,Automatique,39 mm,Acier,Montres homme,6300.0,6300.00,Montre classique
CBS2212.FC6535,"TAG HEUER CARRERA
CHRONOGRAPH",CHF 6'300.00,TAG Heuer,FAM_WATCH,Automatique,39 mm,Acier,Montres homme,6300.0,6300.00,Montre classique
CBS2211.FC6545,"TAG HEUER CARRERA
CHRONOGRAPH",CHF 6'400.00,TAG Heuer,FAM_WATCH,Automatique,39 mm,Acier,Montres homme,6400.0,6400.00,Montre classique
CBS2011.FC6529,"TAG HEUER CARRERA
CHRONOSPRINT X PORSCHE",CHF 9'000.00,TAG Heuer,FAM_WATCH,Automatique,42 mm,Acier,Montres homme,9000.0,9000.00,Montre classique
CBS2040.FC8318,"TAG HEUER CARRERA
CHRONOSPRINT X PORSCHE",CHF 23'000.00,TAG Heuer,FAM_WATCH,Automatique,42 mm,Or 5N,Montres homme,23000.0,23000.00,Montre classique
CBN2A1F.BA0643,"TAG HEUER CARRERA
CHRONOGRAPH X PORSCHE",CHF 6'700.00,TAG Heuer,FAM_WATCH,Automatique,44 mm,Acier et céramique,Montres homme,6700.0,6700.00,Montre classique
CBN2A1F.FC6492,"TAG HEUER CARRERA
CHRONOGRAPH X PORSCHE",CHF 6'500.00,TAG Heuer,FAM_WATCH,Automatique,44 mm,Acier et céramique,Montres homme,6500.0,6500.00,Montre classique
CAW211P.FC6356,"TAG HEUER MONACO
CHRONOGRAPH",CHF 7'900.00,TAG Heuer,FAM_WATCH,Automatique,39 mm,Acier,Montres homme,7900.0,7900.00,Montre classique
CAW218E.FC6565,"TAG HEUER MONACO
CHRONOGRAPH RACING GREEN",CHF 9'100.00,TAG Heuer,FAM_WATCH,Automatique,39 mm,Titane,Montres homme,9100.0,9100.00,Montre classique
CBL2188.FT6261,"TAG HEUER MONACO
CHRONOGRAPH",CHF 11'000.00,TAG Heuer,FAM_WATCH,Automatique,39 mm,Titane DLC,Montres homme,11000.0,11000.00,Montre classique
CBL2182.FT6235,"TAG HEUER MONACO
CHRONOGRAPH",CHF 10'500.00,TAG Heuer,FAM_WATCH,Automatique,39 mm,Titane,Montres homme,10500.0,10500.00,Montre classique
CBL2183.FT6236,"TAG HEUER MONACO
CHRONOGRAPH",CHF 10'500.00,TAG Heuer,FAM_WATCH,Automatique,39 mm,Titane,Montres homme,10500.0,10500.00,Montre classique
CBL2184.FT6236,"TAG HEUER MONACO
CHRONOGRAPH",CHF 11'000.00,TAG Heuer,FAM_WATCH,Automatique,39 mm,Titane DLC,Montres homme,11000.0,11000.00,Montre classique
CAZ101AW.BA0842,"TAG HEUER FORMULA 1
CHRONOGRAPH X INDY 500",CHF 2'350.00,TAG Heuer,FAM_WATCH,Quartz,43 mm,Acier,Montres homme,2350.0,2350.00,Montre classique
CAZ101AL.BA0842,"TAG HEUER FORMULA 1
RED BULL RACING",CHF 2'350.00,TAG Heuer,FAM_WATCH,Quartz,43 mm,Acier,Montres homme,2350.0,2350.00,Montre classique
CAZ101AL.FT8052,"TAG HEUER FORMULA 1
RED BULL RACING",CHF 2'150.00,TAG Heuer,FAM_WATCH,Quartz,43 mm,Acier,Montres homme,2150.0,2150.00,Montre classique
CAZ1014.FT8028,"TAG HEUER FORMULA 1
CHRONOGRAPH",CHF 1'850.00,TAG Heuer,FAM_WATCH,Quartz,43 mm,Acier,Montres homme,1850.0,1850.00,Montre classique
CAZ101AT.BA0842,"TAG HEUER FORMULA 1
GULF",CHF 2'350.00,TAG Heuer,FAM_WATCH,Quartz,43 mm,Acier,Montres homme,2350.0,2350.00,Montre classique
CAZ101AJ.FC6487,"TAG HEUER FORMULA 1
SENNA",CHF 2'600.00,TAG Heuer,FAM_WATCH,Quartz,43 mm,Acier,Montres homme,2600.0,2600.00,Montre classique
CAZ201G.BA0876,"TAG HEUER FORMULA 1
CHRONOGRAPH",CHF 3'700.00,TAG Heuer,FAM_WATCH,Automatique,44 mm,Acier et céramique,Montres homme,3700.0,3700.00,Montre classique
CAZ201H.BA0876,"TAG HEUER FORMULA 1
CHRONOGRAPH",CHF 3'700.00,TAG Heuer,FAM_WATCH,Automatique,44 mm,Acier et céramique,Montres homme,3700.0,3700.00,Montre classique
CAZ201D.BA0633,"TAG HEUER FORMULA 1
CHRONOGRAPH X SENNA",CHF 4'000.00,TAG Heuer,FAM_WATCH,Automatique,44 mm,Acier,Montres homme,4000.0,4000.00,Montre classique
CAZ2012.BA0876,"TAG HEUER FORMULA 1
CHRONOGRAPH",CHF 3'700.00,TAG Heuer,FAM_WATCH,Automatique,44 mm,Acier,Montres homme,3700.0,3700.00,Montre classique
CAZ2012.BA0970,"TAG HEUER FORMULA 1
CHRONOGRAPH",CHF 4'000.00,TAG Heuer,FAM_WATCH,Automatique,44 mm,Acier,Montres homme,4000.0,4000.00,Montre classique
CAZ1014.BA0842,"TAG HEUER FORMULA 1
CHRONOGRAPH",CHF 1'950.00,TAG Heuer,FAM_WATCH,Quartz,43 mm,Acier,Montres homme,1950.0,1950.00,Montre classique
CBN2A1M.FC6526,"TAG HEUER CARRERA
CHRONOGRAPH X PORSCHE ORANGE RACING",CHF 6'900.00,TAG Heuer,FAM_WATCH,Automatique,44 mm,Acier et céramique,Montres homme,6900.0,6900.00,Montre classique
CAW218C.FC6548,"TAG HEUER MONACO
RACING BLUE",CHF 9'000.00,TAG Heuer,FAM_WATCH,Automatique,39 mm,Titane,Montres homme,9000.0,9000.00,Montre classique
CBN201C.FC6542,"TAG HEUER CARRERA
CHRONOGRAPH",CHF 5'750.00,TAG Heuer,FAM_WATCH,Automatique,42 mm,Acier,Montres homme,5750.0,5750.00,Montre classique
CBN201D.FC6543,"TAG HEUER CARRERA
CHRONOGRAPH",CHF 5'750.00,TAG Heuer,FAM_WATCH,Automatique,42 mm,Acier,Montres homme,5750.0,5750.00,Montre classique
WBN2312.BA0001,"TAG HEUER CARRERA
DATE",CHF 3'100.00,TAG Heuer,FAM_WATCH,Automatique,36 mm,Acier,Montres homme,3100.0,3100.00,Montre classique
WBN2311.BA0001,"TAG HEUER CARRERA
DATE",CHF 3'100.00,TAG Heuer,FAM_WATCH,Automatique,36 mm,Acier,Montres homme,3100.0,3100.00,Montre classique
CBN2A1A.BA0643,"TAG HEUER CARRERA
CHRONOGRAPH",CHF 6'450.00,TAG Heuer,FAM_WATCH,Automatique,44 mm,Acier et céramique,Montres homme,6450.0,6450.00,Montre classique
CBN2A1B.BA0643,"TAG HEUER CARRERA
CHRONOGRAPH",CHF 6'450.00,TAG Heuer,FAM_WATCH,Automatique,44 mm,Acier et céramique,Montres homme,6450.0,6450.00,Montre classique
CBN2A1N.BA0643,"TAG HEUER CARRERA
CHRONOGRAPH",CHF 6'450.00,TAG Heuer,FAM_WATCH,Automatique,44 mm,Acier et céramique,Montres homme,6450.0,6450.00,Montre classique
CBN2A1N.FT6238,"TAG HEUER CARRERA
CHRONOGRAPH",CHF 6'250.00,TAG Heuer,FAM_WATCH,Automatique,44 mm,Acier et céramique,Montres homme,6250.0,6250.00,Montre classique
WBN2310.BA0001,"TAG HEUER CARRERA
DATE",CHF 3'100.00,TAG Heuer,FAM_WATCH,Automatique,36 mm,Acier,Montres homme,3100.0,3100.00,Montre classique
WBN2313.BA0001,"TAG HEUER CARRERA
DATE",CHF 3'100.00,TAG Heuer,FAM_WATCH,Automatique,36 mm,Acier,Montres homme,3100.0,3100.00,Montre classique
WBP2111.BA0627,"TAG HEUER AQUARACER
PROFESSIONAL 200 DATE",CHF 2'800.00,TAG Heuer,FAM_WATCH,Automatique,40 mm,Acier,Montres homme,2800.0,2800.00,Montre classique
WBP2115.BA0627,"TAG HEUER AQUARACER
PROFESSIONAL 200 DATE",CHF 2'800.00,TAG Heuer,FAM_WATCH,Automatique,40 mm,Acier,Montres homme,2800.0,2800.00,Montre classique
WBP2114.BA0627,"TAG HEUER AQUARACER
PROFESSIONAL 200 DATE",CHF 2'800.00,TAG Heuer,FAM_WATCH,Automatique,40 mm,Acier,Montres homme,2800.0,2800.00,Montre classique
WBP2150.FT6210,"TAG HEUER AQUARACER
PROFESSIONAL 200 DATE",CHF 4'950.00,TAG Heuer,FAM_WATCH,Automatique,40 mm,Acier et or,Montres homme,4950.0,4950.00,Montre classique
WBP2151.FT6199,"TAG HEUER AQUARACER
PROFESSIONAL 200 DATE",CHF 4'950.00,TAG Heuer,FAM_WATCH,Automatique,40 mm,Acier et or,Montres homme,4950.0,4950.00,Montre classique
WBP5A8A.BF0619,"TAG HEUER AQUARACER
PROFESSIONAL 1000 SUPERDIVER",CHF 6'500.00,TAG Heuer,FAM_WATCH,Automatique,45 mm,Titane,Montres homme,6500.0,6500.00,Montre classique
CBS5011.FC6566,"TAG HEUER CARRERA
CHRONOGRAPH TOURBILLON",CHF 23'500.00,TAG Heuer,FAM_WATCH,Automatique,42 mm,Acier,Montres homme,23500.0,23500.00,Montre classique
CBS5010.FC6543,"TAG HEUER CARRERA
CHRONOGRAPH TOURBILLON",CHF 23'500.00,TAG Heuer,FAM_WATCH,Automatique,42 mm,Acier,Montres homme,23500.0,23500.00,Montre classique
CBS2240.FC8319,"TAG HEUER CARRERA
CHRONOGRAPH",CHF 21'000.00,TAG Heuer,FAM_WATCH,Automatique,39 mm,Or 3N,Montres homme,21000.0,21000.00,Montre classique
WBN2013.FC6503,"TAG HEUER CARRERA
DAY-DATE",CHF 3'450.00,TAG Heuer,FAM_WATCH,Automatique,41 mm,Acier,Montres homme,3450.0,3450.00,Montre classique
WAZ1010.BA0842,"TAG HEUER FORMULA 1
DATE",CHF 1'650.00,TAG Heuer,FAM_WATCH,Quartz,43 mm,Acier,Montres homme,1650.0,1650.00,Montre classique
WBN2013.BA0640,"TAG HEUER CARRERA
DAY-DATE",CHF 3'550.00,TAG Heuer,FAM_WATCH,Automatique,41 mm,Acier,Montres homme,3550.0,3550.00,Montre classique
CAZ1010.BA0842,"TAG HEUER FORMULA 1
CHRONOGRAPH",CHF 1'900.00,TAG Heuer,FAM_WATCH,Quartz,43 mm,Acier,Montres homme,1900.0,1900.00,Montre classique
CAZ101AM.FT8054,"TAG HEUER FORMULA 1
CHRONOGRAPH",CHF 1'900.00,TAG Heuer,FAM_WATCH,Quartz,43 mm,Acier,Montres homme,1900.0,1900.00,Montre classique
CR5090.FN6001,"TAG HEUER MONZA
FLYBACK CHRONOMETER",CHF 13'900.00,TAG Heuer,FAM_WATCH,Automatique,42 mm,Carbone,Montres homme,13900.0,13900.00,Montre classique
WBC2112.BA0603,"TAG HEUER LINK
DATE",CHF 3'500.00,TAG Heuer,FAM_WATCH,Automatique,41 mm,Acier,Montres homme,3500.0,3500.00,Montre classique
WAZ1118.BA0875,"TAG HEUER FORMULA 1
DATE",CHF 1'550.00,TAG Heuer,FAM_WATCH,Quartz,41 mm,Acier,Montres homme,1550.0,1550.00,Montre classique
CBK2112.BA0715,"TAG HEUER CARRERA
CHRONOGRAPH",CHF 4'700.00,TAG Heuer,FAM_WATCH,Automatique,41 mm,Acier,Montres homme,4700.0,4700.00,Montre classique
WBC2110.BA0603,"TAG HEUER LINK
DATE",CHF 3'500.00,TAG Heuer,FAM_WATCH,Automatique,41 mm,Acier,Montres homme,3500.0,3500.00,Montre classique
WBN2111.BA0639,"TAG HEUER CARRERA
DATE",CHF 3'100.00,TAG Heuer,FAM_WATCH,Automatique,39 mm,Acier,Montres homme,3100.0,3100.00,Montre classique
WBP2110.BA0627,"TAG HEUER AQUARACER
PROFESSIONAL 200 DATE",CHF 2'800.00,TAG Heuer,FAM_WATCH,Automatique,40 mm,Acier,Montres homme,2800.0,2800.00,Montre classique
WAZ111A.BA0875,"TAG HEUER FORMULA 1
DATE",CHF 1'800.00,TAG Heuer,FAM_WATCH,Quartz,41 mm,Acier,Montres homme,1800.0,1800.00,Montre classique
CAZ101AM.BA0842,"TAG HEUER FORMULA 1
CHRONOGRAPH",CHF 2'050.00,TAG Heuer,FAM_WATCH,Quartz,43 mm,Acier,Montres homme,2050.0,2050.00,Montre classique
CBN2044.FC8313,"TAG HEUER CARRERA
CHRONOGRAPH",CHF 21'000.00,TAG Heuer,FAM_WATCH,Automatique,42 mm,Or 3N,Montres homme,21000.0,21000.00,Montre classique
CBN2A1AA.BA0643,"TAG HEUER CARRERA
CHRONOGRAPH",CHF 5'150.00,TAG Heuer,FAM_WATCH,Automatique,44 mm,Acier et céramique,Montres homme,5150.0,5150.00,Montre classique
CBS2241.FN8023,"TAG HEUER CARRERA
CHRONOGRAPH SKIPPER",CHF 21'000.00,TAG Heuer,FAM_WATCH,Automatique,39 mm,Or 5N,Montres homme,21000.0,21000.00,Montre classique
WBN2112.FC6504,"TAG HEUER CARRERA
DATE",CHF 3'000.00,TAG Heuer,FAM_WATCH,Automatique,39 mm,Acier,Montres homme,3000.0,3000.00,Montre classique
CBL2113.FC6177,"TAG HEUER MONACO
CHRONOGRAPH",CHF 7'500.00,TAG Heuer,FAM_WATCH,Automatique,39 mm,Acier,Montres homme,7500.0,7500.00,Montre classique
CBN2010.BA0642,"TAG HEUER CARRERA
CHRONOGRAPH",CHF 5'950.00,TAG Heuer,FAM_WATCH,Automatique,42 mm,Acier,Montres homme,5950.0,5950.00,Montre classique
WAZ1112.BA0875,"TAG HEUER FORMULA 1
DATE",CHF 1'550.00,TAG Heuer,FAM_WATCH,Quartz,41 mm,Acier,Montres homme,1550.0,1550.00,Montre classique
WBN2110.BA0639,"TAG HEUER CARRERA
DATE",CHF 3'100.00,TAG Heuer,FAM_WATCH,Automatique,39 mm,Acier,Montres homme,3100.0,3100.00,Montre classique
CBP1113.BA0627,"TAG HEUER AQUARACER
PROFESSIONAL 200 CHRONOGRAPH",CHF 2'600.00,TAG Heuer,FAM_WATCH,Quartz,40 mm,Acier,Montres homme,2600.0,2600.00,Montre classique
CAZ1011.BA0842,"TAG HEUER FORMULA 1
CHRONOGRAPH",CHF 2'200.00,TAG Heuer,FAM_WATCH,Quartz,43 mm,Acier et céramique,Montres homme,2200.0,2200.00,Montre classique
CAZ101AP.FT8056,"TAG HEUER FORMULA 1
CHRONOGRAPH",CHF 1'900.00,TAG Heuer,FAM_WATCH,Quartz,43 mm,Acier,Montres homme,1900.0,1900.00,Montre classique
CAZ101AN.FT8055,"TAG HEUER FORMULA 1
CHRONOGRAPH",CHF 1'900.00,TAG Heuer,FAM_WATCH,Quartz,43 mm,Acier,Montres homme,1900.0,1900.00,Montre classique
WBN2111.FC6505,"TAG HEUER CARRERA
DATE",CHF 3'000.00,TAG Heuer,FAM_WATCH,Automatique,39 mm,Acier,Montres homme,3000.0,3000.00,Montre classique
CBN2A1AA.FT6228,"TAG HEUER CARRERA
CHRONOGRAPH",CHF 4'850.00,TAG Heuer,FAM_WATCH,Automatique,44 mm,Acier et céramique,Montres homme,4850.0,4850.00,Montre classique
CBK2110.BA0715,"TAG HEUER CARRERA
CHRONOGRAPH",CHF 4'700.00,TAG Heuer,FAM_WATCH,Automatique,41 mm,Acier,Montres homme,4700.0,4700.00,Montre classique
WBE511A.BA0650,"TAG HEUER AUTAVIA
GMT COSC",CHF 4'550.00,TAG Heuer,FAM_WATCH,Automatique,42 mm,Acier,Montres homme,4550.0,4550.00,Montre classique
WBN2012.BA0640,"TAG HEUER CARRERA
DAY-DATE",CHF 3'350.00,TAG Heuer,FAM_WATCH,Automatique,41 mm,Acier,Montres homme,3350.0,3350.00,Montre classique
CBL2113.BA0644,"TAG HEUER MONACO
CHRONOGRAPH",CHF 7'500.00,TAG Heuer,FAM_WATCH,Automatique,39 mm,Acier,Montres homme,7500.0,7500.00,Montre classique
WBN2113.BA0639,"TAG HEUER CARRERA
DATE",CHF 3'300.00,TAG Heuer,FAM_WATCH,Automatique,39 mm,Acier,Montres homme,3300.0,3300.00,Montre classique
WAZ2011.BA0842,"TAG HEUER FORMULA 1
DATE",CHF 2'400.00,TAG Heuer,FAM_WATCH,Automatique,43 mm,Acier et céramique,Montres homme,2400.0,2400.00,Montre classique
WBP201F.BA0632,"TAG HEUER AQUARACER
PROFESSIONAL 300 ORANGE DIVER",CHF 3'400.00,TAG Heuer,FAM_WATCH,Automatique,43 mm,Acier,Montres homme,3400.0,3400.00,Montre classique
CAR5A90.FC6415,"TAG HEUER CARRERA
CHRONOGRAPH TOURBILLON",CHF 20'850.00,TAG Heuer,FAM_WATCH,Automatique,45 mm,Céramique,Montres homme,20850.0,20850.00,Montre classique
CBN2011.BA0642,"TAG HEUER CARRERA
CHRONOGRAPH",CHF 5'950.00,TAG Heuer,FAM_WATCH,Automatique,42 mm,Acier,Montres homme,5950.0,5950.00,Montre classique
WBN2112.BA0639,"TAG HEUER CARRERA
DATE",CHF 3'100.00,TAG Heuer,FAM_WATCH,Automatique,39 mm,Acier,Montres homme,3100.0,3100.00,Montre classique
WBN201A.BA0640,"TAG HEUER CARRERA
TWIN-TIME",CHF 3'700.00,TAG Heuer,FAM_WATCH,Automatique,41 mm,Acier,Montres homme,3700.0,3700.00,Montre classique
WAZ1110.BA0875,"TAG HEUER FORMULA 1
DATE",CHF 1'600.00,TAG Heuer,FAM_WATCH,Quartz,41 mm,Acier,Montres homme,1600.0,1600.00,Montre classique
WBP1110.BA0627,"TAG HEUER AQUARACER
PROFESSIONAL 200",CHF 2'100.00,TAG Heuer,FAM_WATCH,Quartz,40 mm,Acier,Montres homme,2100.0,2100.00,Montre classique
CAZ101AN.BA0842,"TAG HEUER FORMULA 1
CHRONOGRAPH",CHF 2'050.00,TAG Heuer,FAM_WATCH,Quartz,43 mm,Acier,Montres homme,2050.0,2050.00,Montre classique
WBP201D.FT6197,"TAG HEUER AQUARACER
PROFESSIONAL 300 DATE",CHF 4'000.00,TAG Heuer,FAM_WATCH,Automatique,43 mm,Acier,Montres homme,4000.0,4000.00,Montre classique
WBP208B.BF0631,"TAG HEUER AQUARACER
PROFESSIONAL 300 DATE",CHF 4'200.00,TAG Heuer,FAM_WATCH,Automatique,43 mm,Titane,Montres homme,4200.0,4200.00,Montre classique
CAZ101AV.BA0842,"TAG HEUER FORMULA 1
CHRONOGRAPH",CHF 2'100.00,TAG Heuer,FAM_WATCH,Quartz,43 mm,Acier,Montres homme,2100.0,2100.00,Montre classique
CAZ101AV.FT8077,"TAG HEUER FORMULA 1
CHRONOGRAPH",CHF 1'900.00,TAG Heuer,FAM_WATCH,Quartz,43 mm,Acier,Montres homme,1900.0,1900.00,Montre classique
CBU5080.FT6272,"TAG HEUER CARRERA
CHRONOGRAPH TOURBILLON EXTREME SPORT",CHF 25'500.00,TAG Heuer,FAM_WATCH,Automatique,44 mm,Titane,Montres homme,25500.0,25500.00,Montre classique
CBN2A1A.FC6537,"TAG HEUER CARRERA
CHRONOGRAPH",CHF 6'250.00,TAG Heuer,FAM_WATCH,Automatique,44 mm,Acier et céramique,Montres homme,6250.0,6250.00,Montre classique
CBL2111.FC6453,"TAG HEUER MONACO
CHRONOGRAPH",CHF 7'500.00,TAG Heuer,FAM_WATCH,Automatique,39 mm,Acier,Montres homme,7500.0,7500.00,Montre classique
CBL2111.BA0644,"TAG HEUER MONACO
CHRONOGRAPH",CHF 7'700.00,TAG Heuer,FAM_WATCH,Automatique,39 mm,Acier,Montres homme,7700.0,7700.00,Montre classique
CAZ101AK.BA0842,"TAG HEUER FORMULA 1
CHRONOGRAPH X RED BULL RACING",CHF 2'200.00,TAG Heuer,FAM_WATCH,Quartz,43 mm,Acier,Montres homme,2200.0,2200.00,Montre classique
CAZ101K.BA0842,"TAG HEUER FORMULA 1
CHRONOGRAPH",CHF 1'850.00,TAG Heuer,FAM_WATCH,Quartz,43 mm,Acier,Montres homme,1850.0,1850.00,Montre classique
CAZ101AP.BA0842,"TAG HEUER FORMULA 1
CHRONOGRAPH",CHF 2'050.00,TAG Heuer,FAM_WATCH,Quartz,43 mm,Acier,Montres homme,2050.0,2050.00,Montre classique
CBL2180.FC6497,"TAG HEUER MONACO
CHRONOGRAPH",CHF 9'000.00,TAG Heuer,FAM_WATCH,Automatique,39 mm,Titane,Montres homme,9000.0,9000.00,Montre classique
CBL2115.FC6494,"TAG HEUER MONACO
CHRONOGRAPH X GULF",CHF 7'800.00,TAG Heuer,FAM_WATCH,Automatique,39 mm,Acier,Montres homme,7800.0,7800.00,Montre classique
WAZ1110.FT8023,"TAG HEUER FORMULA 1
DATE",CHF 1'400.00,TAG Heuer,FAM_WATCH,Quartz,41 mm,Acier,Montres homme,1400.0,1400.00,Montre classique
CBP1112.BA0627,"TAG HEUER AQUARACER
PROFESSIONAL 200 DATE",CHF 2'600.00,TAG Heuer,FAM_WATCH,Quartz,40 mm,Acier,Montres homme,2600.0,2600.00,Montre classique
CBN2A5A.FC6481,"TAG HEUER CARRERA
CHRONOGRAPH",CHF 7'550.00,TAG Heuer,FAM_WATCH,Automatique,44 mm,or et céramique,Montres homme,7550.0,7550.00,Montre classique
CBN2013.FC6483,"TAG HEUER CARRERA
CHRONOGRAPH",CHF 6'100.00,TAG Heuer,FAM_WATCH,Automatique,42 mm,Acier,Montres homme,6100.0,6100.00,Montre classique
WBP1111.BA0627,"TAG HEUER AQUARACER
PROFESSIONAL 200",CHF 2'100.00,TAG Heuer,FAM_WATCH,Quartz,40 mm,Acier,Montres homme,2100.0,2100.00,Montre classique
WBN2010.BA0640,"TAG HEUER CARRERA
DAY-DATE",CHF 3'350.00,TAG Heuer,FAM_WATCH,Automatique,41 mm,Acier,Montres homme,3350.0,3350.00,Montre classique
WBN2011.FC6484,"TAG HEUER CARRERA
DAY-DATE",CHF 3'250.00,TAG Heuer,FAM_WATCH,Automatique,41 mm,Acier,Montres homme,3250.0,3250.00,Montre classique
CAZ1010.FT8024,"TAG HEUER FORMULA 1
CHRONOGRAPH",CHF 1'700.00,TAG Heuer,FAM_WATCH,Quartz,43 mm,Acier,Montres homme,1700.0,1700.00,Montre classique
CAR5A80.FC6377,TAG HEUER CARRERA,CHF 29'600.00,TAG Heuer,FAM_WATCH,Automatique,45 mm,Titane,Montres homme,29600.0,29600.00,Montre classique
CAZ1011.BA0843,"TAG HEUER FORMULA 1
CHRONOGRAPH",CHF 2'500.00,TAG Heuer,FAM_WATCH,Quartz,43 mm,Acier et céramique,Montres homme,2500.0,2500.00,Montre classique
WAZ1120.BB0879,TAG HEUER FORMULA 1,CHF 2'450.00,TAG Heuer,FAM_WATCH,Quartz,41 mm,Plaquée,Montres homme,2450.0,2450.00,Montre classique
CBE511A.FC8279,"TAG HEUER AUTAVIA
FLYBACK CHRONOMETER",CHF 6'600.00,TAG Heuer,FAM_WATCH,Automatique,42 mm,Acier,Montres homme,6600.0,6600.00,Montre classique
WBN2012.FC6502,"TAG HEUER CARRERA
DAY-DATE",CHF 3'250.00,TAG Heuer,FAM_WATCH,Automatique,41 mm,Acier,Montres homme,3250.0,3250.00,Montre classique
WBP5152.FT6210,"TAG HEUER AQUARACER
PROFESSIONAL 200 DATE",CHF 18'000.00,TAG Heuer,FAM_WATCH,Automatique,40 mm,Titane et or,Montres homme,18000.0,18000.00,Montre classique
CBU5050.FT6273,"TAG HEUER CARRERA
CHRONOGRAPH TOURBILLON EXTREME SPORT",CHF 32'000.00,TAG Heuer,FAM_WATCH,Automatique,44 mm,Or et titane,Montres homme,32000.0,32000.00,Montre classique
CBW2181.FC8322,"TAG HEUER MONACO
SPLIT-SECONDS CHRONOGRAPH",Prix sur demande,TAG Heuer,FAM_WATCH,Automatique,N/A,Titane,Montres homme,,,Montre classique
WBP5150.FT6199,"TAG HEUER AQUARACER
PROFESSIONAL 200 DATE",CHF 18'000.00,TAG Heuer,FAM_WATCH,Automatique,40 mm,Titane et or,Montres homme,18000.0,18000.00,Montre classique
WA121J.BT0012,"TAG HEUER FORMULA 1
| KITH",CHF 1'500.00,TAG Heuer,FAM_WATCH,Quartz,35 mm,Acier,Montres homme,1500.0,1500.00,Montre classique
WA121L.BT0014,"TAG HEUER FORMULA 1
| KITH",CHF 1'500.00,TAG Heuer,FAM_WATCH,Quartz,35 mm,Acier,Montres homme,1500.0,1500.00,Montre classique
CBW2182.FC8339,"TAG HEUER MONACO
SPLIT-SECONDS CHRONOGRAPH",Prix sur demande,TAG Heuer,FAM_WATCH,Automatique,41 mm,Titane,Montres homme,,,Montre classique
WA121F.BA0023,"TAG HEUER FORMULA 1
| KITH",CHF 1'500.00,TAG Heuer,FAM_WATCH,Quartz,35 mm,Acier,Montres homme,1500.0,1500.00,Montre classique
WBN2316.BA0001,"TAG HEUER CARRERA
DATE",CHF 3'200.00,TAG Heuer,FAM_WATCH,Automatique,36 mm,Acier,Montres femme,3200.0,3200.00,Montre classique
WBN2313.BA0001,"TAG HEUER CARRERA
DATE",CHF 3'100.00,TAG Heuer,FAM_WATCH,Automatique,36 mm,Acier,Montres femme,3100.0,3100.00,Montre classique
WBN2312.BA0001,"TAG HEUER CARRERA
DATE",CHF 3'100.00,TAG Heuer,FAM_WATCH,Automatique,36 mm,Acier,Montres femme,3100.0,3100.00,Montre classique
WBN2311.BA0001,"TAG HEUER CARRERA
DATE",CHF 3'100.00,TAG Heuer,FAM_WATCH,Automatique,36 mm,Acier,Montres femme,3100.0,3100.00,Montre classique
WBN2310.BA0001,"TAG HEUER CARRERA
DATE",CHF 3'100.00,TAG Heuer,FAM_WATCH,Automatique,36 mm,Acier,Montres femme,3100.0,3100.00,Montre classique
WBN231C.BA0001,"TAG HEUER CARRERA
DATE",CHF 4'700.00,TAG Heuer,FAM_WATCH,Automatique,36 mm,Acier,Montres femme,4700.0,4700.00,Montre classique
WBN2315.FC8331,"TAG HEUER CARRERA
DATE",CHF 4'750.00,TAG Heuer,FAM_WATCH,Automatique,36 mm,Acier,Montres femme,4750.0,4750.00,Montre classique
WBN2350.BD0000,"TAG HEUER CARRERA
DATE",CHF 4'850.00,TAG Heuer,FAM_WATCH,Automatique,36 mm,Acier et or,Montres femme,4850.0,4850.00,Montre classique
WBN2351.BD0000,"TAG HEUER CARRERA
DATE",CHF 6'750.00,TAG Heuer,FAM_WATCH,Automatique,36 mm,Acier et or,Montres femme,6750.0,6750.00,Montre classique
WBN231A.BA0001,"TAG HEUER CARRERA
DATE",CHF 4'400.00,TAG Heuer,FAM_WATCH,Automatique,36 mm,Acier,Montres femme,4400.0,4400.00,Montre classique
WBN231B.BA0001,"TAG HEUER CARRERA
DATE",CHF 4'650.00,TAG Heuer,FAM_WATCH,Automatique,36 mm,Acier,Montres femme,4650.0,4650.00,Montre classique
WBP1311.BA0005,"TAG HEUER AQUARACER
PROFESSIONAL 200 SOLARGRAPH",CHF 2'100.00,TAG Heuer,FAM_WATCH,Solaire,34 mm,Acier,Montres femme,2100.0,2100.00,Montre classique
WBP1312.BA0005,"TAG HEUER AQUARACER
PROFESSIONAL 200 SOLARGRAPH",CHF 2'300.00,TAG Heuer,FAM_WATCH,Solaire,34 mm,Acier,Montres femme,2300.0,2300.00,Montre classique
WBP1313.BA0005,"TAG HEUER AQUARACER
PROFESSIONAL 200 SOLARGRAPH",CHF 2'900.00,TAG Heuer,FAM_WATCH,Solaire,34 mm,Acier,Montres femme,2900.0,2900.00,Montre classique
WBP1314.BA0005,"TAG HEUER AQUARACER
PROFESSIONAL 200 SOLARGRAPH",CHF 4'900.00,TAG Heuer,FAM_WATCH,Solaire,34 mm,Acier,Montres femme,4900.0,4900.00,Montre classique
WBP1315.BA0005,"TAG HEUER AQUARACER
PROFESSIONAL 200 SOLARGRAPH",CHF 2'100.00,TAG Heuer,FAM_WATCH,Solaire,34 mm,Acier,Montres femme,2100.0,2100.00,Montre classique
WBP1451.BA0622,"TAG HEUER AQUARACER
PROFESSIONAL 200",CHF 4'850.00,TAG Heuer,FAM_WATCH,Quartz,30 mm,Acier,Montres femme,4850.0,4850.00,Montre classique
WBP1450.BA0622,"TAG HEUER AQUARACER
PROFESSIONAL 200",CHF 2'850.00,TAG Heuer,FAM_WATCH,Quartz,30 mm,Acier,Montres femme,2850.0,2850.00,Montre classique
WBP1418.BA0622,"TAG HEUER AQUARACER
PROFESSIONAL 200",CHF 2'100.00,TAG Heuer,FAM_WATCH,Quartz,30 mm,Acier,Montres femme,2100.0,2100.00,Montre classique
WBP231J.BA0618,"TAG HEUER AQUARACER
PROFESSIONAL 300 DATE",CHF 3'700.00,TAG Heuer,FAM_WATCH,Automatique,36 mm,Acier,Montres femme,3700.0,3700.00,Montre classique
WBP231K.BA0618,"TAG HEUER AQUARACER
PROFESSIONAL 300 DATE",CHF 3'700.00,TAG Heuer,FAM_WATCH,Automatique,36 mm,Acier,Montres femme,3700.0,3700.00,Montre classique
WBP231C.BA0626,"TAG HEUER AQUARACER
PROFESSIONAL 300 DATE",CHF 3'200.00,TAG Heuer,FAM_WATCH,Automatique,36 mm,Acier,Montres femme,3200.0,3200.00,Montre classique
WBP231D.BA0626,"TAG HEUER AQUARACER
PROFESSIONAL 300 DATE",CHF 3'200.00,TAG Heuer,FAM_WATCH,Automatique,36 mm,Acier,Montres femme,3200.0,3200.00,Montre classique
WBP231B.BA0618,"TAG HEUER AQUARACER
PROFESSIONAL 300 DATE",CHF 3'700.00,TAG Heuer,FAM_WATCH,Automatique,36 mm,Acier,Montres femme,3700.0,3700.00,Montre classique
WBP231G.FT6226,"TAG HEUER AQUARACER
PROFESSIONAL 300 DATE",CHF 3'500.00,TAG Heuer,FAM_WATCH,Automatique,36 mm,Acier,Montres femme,3500.0,3500.00,Montre classique
WBP2450.FT6215,"TAG HEUER AQUARACER
PROFESSIONAL 200 DATE",CHF 4'600.00,TAG Heuer,FAM_WATCH,Automatique,30 mm,Acier et or,Montres femme,4600.0,4600.00,Montre classique
WBP2451.FT6200,"TAG HEUER AQUARACER
PROFESSIONAL 200 DATE",CHF 4'600.00,TAG Heuer,FAM_WATCH,Automatique,30 mm,Acier et or,Montres femme,4600.0,4600.00,Montre classique
WBP2414.BA0622,"TAG HEUER AQUARACER
PROFESSIONAL 200 DATE",CHF 3'300.00,TAG Heuer,FAM_WATCH,Automatique,30 mm,Acier,Montres femme,3300.0,3300.00,Montre classique
WBP1416.BA0622,"TAG HEUER AQUARACER
PROFESSIONAL 200",CHF 2'600.00,TAG Heuer,FAM_WATCH,Quartz,30 mm,Acier,Montres femme,2600.0,2600.00,Montre classique
WBP1415.BA0622,"TAG HEUER AQUARACER
PROFESSIONAL 200",CHF 1'900.00,TAG Heuer,FAM_WATCH,Quartz,30 mm,Acier,Montres femme,1900.0,1900.00,Montre classique
WBP1112.FT6199,"TAG HEUER AQUARACER
PROFESSIONAL 200 SOLARGRAPH",CHF 3'000.00,TAG Heuer,FAM_WATCH,Solaire,40 mm,Acier,Montres femme,3000.0,3000.00,Montre classique
WBD1322.BB0320,"TAG HEUER AQUARACER
DATE",CHF 3'800.00,TAG Heuer,FAM_WATCH,Quartz,32 mm,Acier,Montres femme,3800.0,3800.00,Montre classique
WBP1417.BA0622,"TAG HEUER AQUARACER
PROFESSIONAL 200",CHF 4'600.00,TAG Heuer,FAM_WATCH,Quartz,30 mm,Acier,Montres femme,4600.0,4600.00,Montre classique
WBC1312.BA0600,"TAG HEUER LINK
DATE",CHF 2'750.00,TAG Heuer,FAM_WATCH,Quartz,32 mm,Acier,Montres femme,2750.0,2750.00,Montre classique
WBC131E.BA0649,"TAG HEUER LINK
DATE",CHF 3'050.00,TAG Heuer,FAM_WATCH,Quartz,32 mm,Acier,Montres femme,3050.0,3050.00,Montre classique
WBC1311.BA0600,"TAG HEUER LINK
DATE",CHF 2'000.00,TAG Heuer,FAM_WATCH,Quartz,32 mm,Acier,Montres femme,2000.0,2000.00,Montre classique
WBP2415.BA0622,"TAG HEUER AQUARACER
PROFESSIONAL 200 DATE",CHF 3'300.00,TAG Heuer,FAM_WATCH,Automatique,30 mm,Acier,Montres femme,3300.0,3300.00,Montre classique
WBC131G.BA0649,"TAG HEUER LINK
DATE",CHF 5'350.00,TAG Heuer,FAM_WATCH,Quartz,32 mm,Acier,Montres femme,5350.0,5350.00,Montre classique
WBC131F.BA0649,"TAG HEUER LINK
DATE",CHF 3'050.00,TAG Heuer,FAM_WATCH,Quartz,32 mm,Acier,Montres femme,3050.0,3050.00,Montre classique
WBP1180.BF0000,"TAG HEUER AQUARACER
PROFESSIONAL 200 SOLARGRAPH",CHF 3'000.00,TAG Heuer,FAM_WATCH,Solaire,40 mm,Titane,Montres femme,3000.0,3000.00,Montre classique
WBC1316.BA0600,"TAG HEUER LINK
DATE",CHF 5'100.00,TAG Heuer,FAM_WATCH,Quartz,32 mm,Acier,Montres femme,5100.0,5100.00,Montre classique
WBC1313.BA0600,"TAG HEUER LINK
DATE",CHF 2'750.00,TAG Heuer,FAM_WATCH,Quartz,32 mm,Acier,Montres femme,2750.0,2750.00,Montre classique
WBN2411.BA0621,"TAG HEUER CARRERA
DATE",CHF 2'650.00,TAG Heuer,FAM_WATCH,Automatique,29 mm,Acier,Montres femme,2650.0,2650.00,Montre classique
WBP1114.BA0000,"TAG HEUER AQUARACER
PROFESSIONAL 200 SOLARGRAPH",CHF 2'300.00,TAG Heuer,FAM_WATCH,Solaire,40 mm,Acier,Montres femme,2300.0,2300.00,Montre classique
WBN2412.BA0621,"TAG HEUER CARRERA
DATE",CHF 3'650.00,TAG Heuer,FAM_WATCH,Automatique,29 mm,Acier,Montres femme,3650.0,3650.00,Montre classique
WBN2450.BD0569,"TAG HEUER CARRERA
DATE",CHF 5'850.00,TAG Heuer,FAM_WATCH,Automatique,29 mm,Acier et or,Montres femme,5850.0,5850.00,Montre classique
WBN2410.BA0621,"TAG HEUER CARRERA
DATE",CHF 2'650.00,TAG Heuer,FAM_WATCH,Automatique,29 mm,Acier,Montres femme,2650.0,2650.00,Montre classique
WBN2413.BA0621,"TAG HEUER CARRERA
DATE",CHF 3'650.00,TAG Heuer,FAM_WATCH,Automatique,29 mm,Acier,Montres femme,3650.0,3650.00,Montre classique
CBS2213.FN6002,"TAG HEUER CARRERA
CHRONOGRAPH SKIPPER",CHF 6'600.00,TAG Heuer,FAM_WATCH,Automatique,39 mm,Acier,Montres femme,6600.0,6600.00,Montre classique
CBS2211.FC6545,"TAG HEUER CARRERA
CHRONOGRAPH",CHF 6'400.00,TAG Heuer,FAM_WATCH,Automatique,39 mm,Acier,Montres femme,6400.0,6400.00,Montre classique
WBD1423.BB0321,"TAG HEUER AQUARACER
DATE",CHF 5'250.00,TAG Heuer,FAM_WATCH,Quartz,27 mm,Acier,Montres femme,5250.0,5250.00,Montre classique
WBP1410.BA0622,"TAG HEUER AQUARACER
PROFESSIONAL 200",CHF 1'900.00,TAG Heuer,FAM_WATCH,Quartz,30 mm,Acier,Montres femme,1900.0,1900.00,Montre classique
WBP1411.BA0622,"TAG HEUER AQUARACER
PROFESSIONAL 200",CHF 1'900.00,TAG Heuer,FAM_WATCH,Quartz,30 mm,Acier,Montres femme,1900.0,1900.00,Montre classique
WBC1310.BA0600,"TAG HEUER LINK
DATE",CHF 2'000.00,TAG Heuer,FAM_WATCH,Quartz,32 mm,Acier,Montres femme,2000.0,2000.00,Montre classique
WBD1422.BB0321,"TAG HEUER AQUARACER
DATE",CHF 3'350.00,TAG Heuer,FAM_WATCH,Quartz,27 mm,Acier,Montres femme,3350.0,3350.00,Montre classique
WBN2414.BA0621,"TAG HEUER CARRERA
DATE",CHF 5'650.00,TAG Heuer,FAM_WATCH,Automatique,29 mm,Acier,Montres femme,5650.0,5650.00,Montre classique
WBP2410.BA0622,"TAG HEUER AQUARACER
PROFESSIONAL 200 DATE",CHF 3'300.00,TAG Heuer,FAM_WATCH,Automatique,30 mm,Acier,Montres femme,3300.0,3300.00,Montre classique
WBD1420.BB0321,"TAG HEUER AQUARACER
DATE",CHF 2'600.00,TAG Heuer,FAM_WATCH,Quartz,27 mm,Acier,Montres femme,2600.0,2600.00,Montre classique
WBP2411.BA0622,"TAG HEUER AQUARACER
PROFESSIONAL 200 DATE",CHF 3'300.00,TAG Heuer,FAM_WATCH,Automatique,30 mm,Acier,Montres femme,3300.0,3300.00,Montre classique
WBP1113.BA0000,"TAG HEUER AQUARACER
PROFESSIONAL 200 SOLARGRAPH",CHF 2'300.00,TAG Heuer,FAM_WATCH,Solaire,40 mm,Acier,Montres femme,2300.0,2300.00,Montre classique
WBD1320.BB0320,"TAG HEUER AQUARACER
DATE",CHF 2'950.00,TAG Heuer,FAM_WATCH,Quartz,32 mm,Acier,Montres femme,2950.0,2950.00,Montre classique
CAW218E.FC6565,"TAG HEUER MONACO
CHRONOGRAPH RACING GREEN",CHF 9'100.00,TAG Heuer,FAM_WATCH,Automatique,39 mm,Titane,Montres editions speciales,9100.0,9100.00,Montre classique
SBR8A80.EB0365,"TAG HEUER CONNECTED
CALIBRE E4 X ORACLE RED BULL RACING EDITION",CHF 1'900.00,TAG Heuer,FAM_CONNECTED_WATCH,Connectée,45 mm,Titane,Montres editions speciales,1900.0,1900.00,Montre classique
CBS2014.FT6293,"TAG HEUER CARRERA
CHRONOGRAPH SEAFARER X HODINKEE",CHF 7'750.00,TAG Heuer,FAM_WATCH,Automatique,42 mm,Acier,Montres editions speciales,7750.0,7750.00,Montre classique
CBN201K.FC6569,"TAG HEUER CARRERA
CHRONOGRAPH",CHF 6'150.00,TAG Heuer,FAM_WATCH,Automatique,42 mm,Acier,Montres editions speciales,6150.0,6150.00,Montre classique
CBS5013.EB0375,"TAG HEUER CARRERA
CHRONOGRAPH TOURBILLON",CHF 24'650.00,TAG Heuer,FAM_WATCH,Automatique,42 mm,Acier,Montres editions speciales,24650.0,24650.00,Montre classique
CBU2010.FT6267,"TAG HEUER CARRERA
CHRONOGRAPH X PORSCHE 963",CHF 9'000.00,TAG Heuer,FAM_WATCH,Automatique,44 mm,Acier,Montres editions speciales,9000.0,9000.00,Montre classique
CAZ101AW.BA0842,"TAG HEUER FORMULA 1
CHRONOGRAPH X INDY 500",CHF 2'350.00,TAG Heuer,FAM_WATCH,Quartz,43 mm,Acier,Montres editions speciales,2350.0,2350.00,Montre classique
SBR8A10.BT6265,"TAG HEUER CONNECTED
CALIBRE E4",CHF 1'400.00,TAG Heuer,FAM_CONNECTED_WATCH,Connectée,45 mm,Acier,Montres editions speciales,1400.0,1400.00,Montre classique
CAZ101AT.BA0842,"TAG HEUER FORMULA 1
GULF",CHF 2'350.00,TAG Heuer,FAM_WATCH,Quartz,43 mm,Acier,Montres editions speciales,2350.0,2350.00,Montre classique
CAZ101AL.FT8052,"TAG HEUER FORMULA 1
RED BULL RACING",CHF 2'150.00,TAG Heuer,FAM_WATCH,Quartz,43 mm,Acier,Montres editions speciales,2150.0,2150.00,Montre classique
CAZ101AL.BA0842,"TAG HEUER FORMULA 1
RED BULL RACING",CHF 2'350.00,TAG Heuer,FAM_WATCH,Quartz,43 mm,Acier,Montres editions speciales,2350.0,2350.00,Montre classique
CAZ1014.FT8028,"TAG HEUER FORMULA 1
CHRONOGRAPH",CHF 1'850.00,TAG Heuer,FAM_WATCH,Quartz,43 mm,Acier,Montres editions speciales,1850.0,1850.00,Montre classique
CAZ201D.BA0633,"TAG HEUER FORMULA 1
CHRONOGRAPH X SENNA",CHF 4'000.00,TAG Heuer,FAM_WATCH,Automatique,44 mm,Acier,Montres editions speciales,4000.0,4000.00,Montre classique
CBL2115.FC6494,"TAG HEUER MONACO
CHRONOGRAPH X GULF",CHF 7'800.00,TAG Heuer,FAM_WATCH,Automatique,39 mm,Acier,Montres editions speciales,7800.0,7800.00,Montre classique
CBS2011.FC6529,"TAG HEUER CARRERA
CHRONOSPRINT X PORSCHE",CHF 9'000.00,TAG Heuer,FAM_WATCH,Automatique,42 mm,Acier,Montres editions speciales,9000.0,9000.00,Montre classique
CBS2040.FC8318,"TAG HEUER CARRERA
CHRONOSPRINT X PORSCHE",CHF 23'000.00,TAG Heuer,FAM_WATCH,Automatique,42 mm,Or 5N,Montres editions speciales,23000.0,23000.00,Montre classique
CBN2A1M.FC6526,"TAG HEUER CARRERA
CHRONOGRAPH X PORSCHE ORANGE RACING",CHF 6'900.00,TAG Heuer,FAM_WATCH,Automatique,44 mm,Acier et céramique,Montres editions speciales,6900.0,6900.00,Montre classique
CBN2A1F.BA0643,"TAG HEUER CARRERA
CHRONOGRAPH X PORSCHE",CHF 6'700.00,TAG Heuer,FAM_WATCH,Automatique,44 mm,Acier et céramique,Montres editions speciales,6700.0,6700.00,Montre classique
CBN2A1F.FC6492,"TAG HEUER CARRERA
CHRONOGRAPH X PORSCHE",CHF 6'500.00,TAG Heuer,FAM_WATCH,Automatique,44 mm,Acier et céramique,Montres editions speciales,6500.0,6500.00,Montre classique
CR5090.FN6001,"TAG HEUER MONZA
FLYBACK CHRONOMETER",CHF 13'900.00,TAG Heuer,FAM_WATCH,Automatique,42 mm,Carbone,Montres editions speciales,13900.0,13900.00,Montre classique
CBL2180.FC6497,"TAG HEUER MONACO
CHRONOGRAPH",CHF 9'000.00,TAG Heuer,FAM_WATCH,Automatique,39 mm,Titane,Montres editions speciales,9000.0,9000.00,Montre classique
WA121F.BA0023,"TAG HEUER FORMULA 1
| KITH",CHF 1'500.00,TAG Heuer,FAM_WATCH,Quartz,35 mm,Acier,Montres editions speciales,1500.0,1500.00,Montre classique
WA121J.BT0012,"TAG HEUER FORMULA 1
| KITH",CHF 1'500.00,TAG Heuer,FAM_WATCH,Quartz,35 mm,Acier,Montres editions speciales,1500.0,1500.00,Montre classique
WA121L.BT0014,"TAG HEUER FORMULA 1
| KITH",CHF 1'500.00,TAG Heuer,FAM_WATCH,Quartz,35 mm,Acier,Montres editions speciales,1500.0,1500.00,Montre classique
CAW218C.FC6548,"TAG HEUER MONACO
RACING BLUE",CHF 9'000.00,TAG Heuer,FAM_WATCH,Automatique,39 mm,Titane,Montres editions speciales,9000.0,9000.00,Montre classique
SBR8A85.EB0338,"TAG HEUER CONNECTED
CALIBRE E4 MALBON GOLF EDITION",CHF 1'900.00,TAG Heuer,FAM_CONNECTED_WATCH,Connectée,45 mm,Titane,Montres editions speciales,1900.0,1900.00,Montre classique
SBR8A82.EB0264,"TAG HEUER CONNECTED
CALIBRE E4 PORSCHE EDITION",CHF 1'900.00,TAG Heuer,FAM_CONNECTED_WATCH,Connectée,45 mm,Titane,Montres editions speciales,1900.0,1900.00,Montre classique
CBU2080.FT6272,"TAG HEUER CARRERA
CHRONOGRAPH EXTREME SPORT",CHF 8'200.00,TAG Heuer,FAM_WATCH,Automatique,44 mm,Titane DLC,Montres chronographe,8200.0,8200.00,Montre classique
CBU2081.FT6274,"TAG HEUER CARRERA
CHRONOGRAPH EXTREME SPORT",CHF 8'000.00,TAG Heuer,FAM_WATCH,Automatique,44 mm,Titane et céramique,Montres chronographe,8000.0,8000.00,Montre classique
CBU2082.FT6275,"TAG HEUER CARRERA
CHRONOGRAPH EXTREME SPORT",CHF 8'000.00,TAG Heuer,FAM_WATCH,Automatique,44 mm,Titane,Montres chronographe,8000.0,8000.00,Montre classique
CBU2050.FT6273,"TAG HEUER CARRERA
CHRONOGRAPH EXTREME SPORT",CHF 12'000.00,TAG Heuer,FAM_WATCH,Automatique,44 mm,Or et titane,Montres chronographe,12000.0,12000.00,Montre classique
CAZ101AW.BA0842,"TAG HEUER FORMULA 1
CHRONOGRAPH X INDY 500",CHF 2'350.00,TAG Heuer,FAM_WATCH,Quartz,43 mm,Acier,Montres chronographe,2350.0,2350.00,Montre classique
CBS2216.BA0041,"TAG HEUER CARRERA
CHRONOGRAPH",CHF 6'500.00,TAG Heuer,FAM_WATCH,Automatique,39 mm,Acier,Montres chronographe,6500.0,6500.00,Montre classique
CBS2014.FT6293,"TAG HEUER CARRERA
CHRONOGRAPH SEAFARER X HODINKEE",CHF 7'750.00,TAG Heuer,FAM_WATCH,Automatique,42 mm,Acier,Montres chronographe,7750.0,7750.00,Montre classique
CAZ101AL.BA0842,"TAG HEUER FORMULA 1
RED BULL RACING",CHF 2'350.00,TAG Heuer,FAM_WATCH,Quartz,43 mm,Acier,Montres chronographe,2350.0,2350.00,Montre classique
CAZ1010.BA0842,"TAG HEUER FORMULA 1
CHRONOGRAPH",CHF 1'900.00,TAG Heuer,FAM_WATCH,Quartz,43 mm,Acier,Montres chronographe,1900.0,1900.00,Montre classique
CAZ1014.BA0842,"TAG HEUER FORMULA 1
CHRONOGRAPH",CHF 1'950.00,TAG Heuer,FAM_WATCH,Quartz,43 mm,Acier,Montres chronographe,1950.0,1950.00,Montre classique
CAZ101AM.FT8054,"TAG HEUER FORMULA 1
CHRONOGRAPH",CHF 1'900.00,TAG Heuer,FAM_WATCH,Quartz,43 mm,Acier,Montres chronographe,1900.0,1900.00,Montre classique
CR5090.FN6001,"TAG HEUER MONZA
FLYBACK CHRONOMETER",CHF 13'900.00,TAG Heuer,FAM_WATCH,Automatique,42 mm,Carbone,Montres chronographe,13900.0,13900.00,Montre classique
CBK2112.BA0715,"TAG HEUER CARRERA
CHRONOGRAPH",CHF 4'700.00,TAG Heuer,FAM_WATCH,Automatique,41 mm,Acier,Montres chronographe,4700.0,4700.00,Montre classique
CAZ101AM.BA0842,"TAG HEUER FORMULA 1
CHRONOGRAPH",CHF 2'050.00,TAG Heuer,FAM_WATCH,Quartz,43 mm,Acier,Montres chronographe,2050.0,2050.00,Montre classique
CAZ101AT.BA0842,"TAG HEUER FORMULA 1
GULF",CHF 2'350.00,TAG Heuer,FAM_WATCH,Quartz,43 mm,Acier,Montres chronographe,2350.0,2350.00,Montre classique
CBS2040.FC8318,"TAG HEUER CARRERA
CHRONOSPRINT X PORSCHE",CHF 23'000.00,TAG Heuer,FAM_WATCH,Automatique,42 mm,Or 5N,Montres chronographe,23000.0,23000.00,Montre classique
CAZ1014.FT8028,"TAG HEUER FORMULA 1
CHRONOGRAPH",CHF 1'850.00,TAG Heuer,FAM_WATCH,Quartz,43 mm,Acier,Montres chronographe,1850.0,1850.00,Montre classique
CBN2044.FC8313,"TAG HEUER CARRERA
CHRONOGRAPH",CHF 21'000.00,TAG Heuer,FAM_WATCH,Automatique,42 mm,Or 3N,Montres chronographe,21000.0,21000.00,Montre classique
CBN2A1F.BA0643,"TAG HEUER CARRERA
CHRONOGRAPH X PORSCHE",CHF 6'700.00,TAG Heuer,FAM_WATCH,Automatique,44 mm,Acier et céramique,Montres chronographe,6700.0,6700.00,Montre classique
CBN2A1AA.BA0643,"TAG HEUER CARRERA
CHRONOGRAPH",CHF 5'150.00,TAG Heuer,FAM_WATCH,Automatique,44 mm,Acier et céramique,Montres chronographe,5150.0,5150.00,Montre classique
CBS2241.FN8023,"TAG HEUER CARRERA
CHRONOGRAPH SKIPPER",CHF 21'000.00,TAG Heuer,FAM_WATCH,Automatique,39 mm,Or 5N,Montres chronographe,21000.0,21000.00,Montre classique
CAZ201D.BA0633,"TAG HEUER FORMULA 1
CHRONOGRAPH X SENNA",CHF 4'000.00,TAG Heuer,FAM_WATCH,Automatique,44 mm,Acier,Montres chronographe,4000.0,4000.00,Montre classique
CBL2113.FC6177,"TAG HEUER MONACO
CHRONOGRAPH",CHF 7'500.00,TAG Heuer,FAM_WATCH,Automatique,39 mm,Acier,Montres chronographe,7500.0,7500.00,Montre classique
CBN2010.BA0642,"TAG HEUER CARRERA
CHRONOGRAPH",CHF 5'950.00,TAG Heuer,FAM_WATCH,Automatique,42 mm,Acier,Montres chronographe,5950.0,5950.00,Montre classique
CBN201D.FC6543,"TAG HEUER CARRERA
CHRONOGRAPH",CHF 5'750.00,TAG Heuer,FAM_WATCH,Automatique,42 mm,Acier,Montres chronographe,5750.0,5750.00,Montre classique
CBP1113.BA0627,"TAG HEUER AQUARACER
PROFESSIONAL 200 CHRONOGRAPH",CHF 2'600.00,TAG Heuer,FAM_WATCH,Quartz,40 mm,Acier,Montres chronographe,2600.0,2600.00,Montre classique
CBS2212.FC6535,"TAG HEUER CARRERA
CHRONOGRAPH",CHF 6'300.00,TAG Heuer,FAM_WATCH,Automatique,39 mm,Acier,Montres chronographe,6300.0,6300.00,Montre classique
CAZ1011.BA0842,"TAG HEUER FORMULA 1
CHRONOGRAPH",CHF 2'200.00,TAG Heuer,FAM_WATCH,Quartz,43 mm,Acier et céramique,Montres chronographe,2200.0,2200.00,Montre classique
CAZ101AP.FT8056,"TAG HEUER FORMULA 1
CHRONOGRAPH",CHF 1'900.00,TAG Heuer,FAM_WATCH,Quartz,43 mm,Acier,Montres chronographe,1900.0,1900.00,Montre classique
CAZ101AN.FT8055,"TAG HEUER FORMULA 1
CHRONOGRAPH",CHF 1'900.00,TAG Heuer,FAM_WATCH,Quartz,43 mm,Acier,Montres chronographe,1900.0,1900.00,Montre classique
CAZ201G.BA0876,"TAG HEUER FORMULA 1
CHRONOGRAPH",CHF 3'700.00,TAG Heuer,FAM_WATCH,Automatique,44 mm,Acier et céramique,Montres chronographe,3700.0,3700.00,Montre classique
CBU2010.FT6267,"TAG HEUER CARRERA
CHRONOGRAPH X PORSCHE 963",CHF 9'000.00,TAG Heuer,FAM_WATCH,Automatique,44 mm,Acier,Montres chronographe,9000.0,9000.00,Montre classique
CBN2A1A.BA0643,"TAG HEUER CARRERA
CHRONOGRAPH",CHF 6'450.00,TAG Heuer,FAM_WATCH,Automatique,44 mm,Acier et céramique,Montres chronographe,6450.0,6450.00,Montre classique
CBN2A1AA.FT6228,"TAG HEUER CARRERA
CHRONOGRAPH",CHF 4'850.00,TAG Heuer,FAM_WATCH,Automatique,44 mm,Acier et céramique,Montres chronographe,4850.0,4850.00,Montre classique
CBN2A1N.FT6238,"TAG HEUER CARRERA
CHRONOGRAPH",CHF 6'250.00,TAG Heuer,FAM_WATCH,Automatique,44 mm,Acier et céramique,Montres chronographe,6250.0,6250.00,Montre classique
CBK2110.BA0715,"TAG HEUER CARRERA
CHRONOGRAPH",CHF 4'700.00,TAG Heuer,FAM_WATCH,Automatique,41 mm,Acier,Montres chronographe,4700.0,4700.00,Montre classique
CBL2113.BA0644,"TAG HEUER MONACO
CHRONOGRAPH",CHF 7'500.00,TAG Heuer,FAM_WATCH,Automatique,39 mm,Acier,Montres chronographe,7500.0,7500.00,Montre classique
CBS2210.FC6534,"TAG HEUER CARRERA
CHRONOGRAPH",CHF 6'300.00,TAG Heuer,FAM_WATCH,Automatique,39 mm,Acier,Montres chronographe,6300.0,6300.00,Montre classique
CBL2183.FT6236,"TAG HEUER MONACO
CHRONOGRAPH",CHF 10'500.00,TAG Heuer,FAM_WATCH,Automatique,39 mm,Titane,Montres chronographe,10500.0,10500.00,Montre classique
CBN2A1N.BA0643,"TAG HEUER CARRERA
CHRONOGRAPH",CHF 6'450.00,TAG Heuer,FAM_WATCH,Automatique,44 mm,Acier et céramique,Montres chronographe,6450.0,6450.00,Montre classique
CAR5A90.FC6415,"TAG HEUER CARRERA
CHRONOGRAPH TOURBILLON",CHF 20'850.00,TAG Heuer,FAM_WATCH,Automatique,45 mm,Céramique,Montres chronographe,20850.0,20850.00,Montre classique
CAZ2012.BA0970,"TAG HEUER FORMULA 1
CHRONOGRAPH",CHF 4'000.00,TAG Heuer,FAM_WATCH,Automatique,44 mm,Acier,Montres chronographe,4000.0,4000.00,Montre classique
CAW218E.FC6565,"TAG HEUER MONACO
CHRONOGRAPH RACING GREEN",CHF 9'100.00,TAG Heuer,FAM_WATCH,Automatique,39 mm,Titane,Montres chronographe,9100.0,9100.00,Montre classique
CBN2011.BA0642,"TAG HEUER CARRERA
CHRONOGRAPH",CHF 5'950.00,TAG Heuer,FAM_WATCH,Automatique,42 mm,Acier,Montres chronographe,5950.0,5950.00,Montre classique
CAZ101AN.BA0842,"TAG HEUER FORMULA 1
CHRONOGRAPH",CHF 2'050.00,TAG Heuer,FAM_WATCH,Quartz,43 mm,Acier,Montres chronographe,2050.0,2050.00,Montre classique
CAW211P.FC6356,"TAG HEUER MONACO
CHRONOGRAPH",CHF 7'900.00,TAG Heuer,FAM_WATCH,Automatique,39 mm,Acier,Montres chronographe,7900.0,7900.00,Montre classique
CBS2213.FN6002,"TAG HEUER CARRERA
CHRONOGRAPH SKIPPER",CHF 6'600.00,TAG Heuer,FAM_WATCH,Automatique,39 mm,Acier,Montres chronographe,6600.0,6600.00,Montre classique
CBS2211.FC6545,"TAG HEUER CARRERA
CHRONOGRAPH",CHF 6'400.00,TAG Heuer,FAM_WATCH,Automatique,39 mm,Acier,Montres chronographe,6400.0,6400.00,Montre classique
CAZ101AV.BA0842,"TAG HEUER FORMULA 1
CHRONOGRAPH",CHF 2'100.00,TAG Heuer,FAM_WATCH,Quartz,43 mm,Acier,Montres chronographe,2100.0,2100.00,Montre classique
CAZ101AV.FT8077,"TAG HEUER FORMULA 1
CHRONOGRAPH",CHF 1'900.00,TAG Heuer,FAM_WATCH,Quartz,43 mm,Acier,Montres chronographe,1900.0,1900.00,Montre classique
CBU5080.FT6272,"TAG HEUER CARRERA
CHRONOGRAPH TOURBILLON EXTREME SPORT",CHF 25'500.00,TAG Heuer,FAM_WATCH,Automatique,44 mm,Titane,Montres chronographe,25500.0,25500.00,Montre classique
CBN2A1A.FC6537,"TAG HEUER CARRERA
CHRONOGRAPH",CHF 6'250.00,TAG Heuer,FAM_WATCH,Automatique,44 mm,Acier et céramique,Montres chronographe,6250.0,6250.00,Montre classique
CAZ2012.BA0876,"TAG HEUER FORMULA 1
CHRONOGRAPH",CHF 3'700.00,TAG Heuer,FAM_WATCH,Automatique,44 mm,Acier,Montres chronographe,3700.0,3700.00,Montre classique
CBL2111.FC6453,"TAG HEUER MONACO
CHRONOGRAPH",CHF 7'500.00,TAG Heuer,FAM_WATCH,Automatique,39 mm,Acier,Montres chronographe,7500.0,7500.00,Montre classique
CBL2111.BA0644,"TAG HEUER MONACO
CHRONOGRAPH",CHF 7'700.00,TAG Heuer,FAM_WATCH,Automatique,39 mm,Acier,Montres chronographe,7700.0,7700.00,Montre classique
CAZ101AK.BA0842,"TAG HEUER FORMULA 1
CHRONOGRAPH X RED BULL RACING",CHF 2'200.00,TAG Heuer,FAM_WATCH,Quartz,43 mm,Acier,Montres chronographe,2200.0,2200.00,Montre classique
CAZ101K.BA0842,"TAG HEUER FORMULA 1
CHRONOGRAPH",CHF 1'850.00,TAG Heuer,FAM_WATCH,Quartz,43 mm,Acier,Montres chronographe,1850.0,1850.00,Montre classique
CAZ101AP.BA0842,"TAG HEUER FORMULA 1
CHRONOGRAPH",CHF 2'050.00,TAG Heuer,FAM_WATCH,Quartz,43 mm,Acier,Montres chronographe,2050.0,2050.00,Montre classique
CBL2180.FC6497,"TAG HEUER MONACO
CHRONOGRAPH",CHF 9'000.00,TAG Heuer,FAM_WATCH,Automatique,39 mm,Titane,Montres chronographe,9000.0,9000.00,Montre classique
CBL2115.FC6494,"TAG HEUER MONACO
CHRONOGRAPH X GULF",CHF 7'800.00,TAG Heuer,FAM_WATCH,Automatique,39 mm,Acier,Montres chronographe,7800.0,7800.00,Montre classique
CBL2184.FT6236,"TAG HEUER MONACO
CHRONOGRAPH",CHF 11'000.00,TAG Heuer,FAM_WATCH,Automatique,39 mm,Titane DLC,Montres chronographe,11000.0,11000.00,Montre classique
CAZ101AJ.FC6487,"TAG HEUER FORMULA 1
SENNA",CHF 2'600.00,TAG Heuer,FAM_WATCH,Quartz,43 mm,Acier,Montres chronographe,2600.0,2600.00,Montre classique
CAZ201H.BA0876,"TAG HEUER FORMULA 1
CHRONOGRAPH",CHF 3'700.00,TAG Heuer,FAM_WATCH,Automatique,44 mm,Acier et céramique,Montres chronographe,3700.0,3700.00,Montre classique
CBP1112.BA0627,"TAG HEUER AQUARACER
PROFESSIONAL 200 DATE",CHF 2'600.00,TAG Heuer,FAM_WATCH,Quartz,40 mm,Acier,Montres chronographe,2600.0,2600.00,Montre classique
CBN2A5A.FC6481,"TAG HEUER CARRERA
CHRONOGRAPH",CHF 7'550.00,TAG Heuer,FAM_WATCH,Automatique,44 mm,or et céramique,Montres chronographe,7550.0,7550.00,Montre classique
CBN2013.FC6483,"TAG HEUER CARRERA
CHRONOGRAPH",CHF 6'100.00,TAG Heuer,FAM_WATCH,Automatique,42 mm,Acier,Montres chronographe,6100.0,6100.00,Montre classique
CAZ1010.FT8024,"TAG HEUER FORMULA 1
CHRONOGRAPH",CHF 1'700.00,TAG Heuer,FAM_WATCH,Quartz,43 mm,Acier,Montres chronographe,1700.0,1700.00,Montre classique
CBS2011.FC6529,"TAG HEUER CARRERA
CHRONOSPRINT X PORSCHE",CHF 9'000.00,TAG Heuer,FAM_WATCH,Automatique,42 mm,Acier,Montres chronographe,9000.0,9000.00,Montre classique
CAR5A80.FC6377,TAG HEUER CARRERA,CHF 29'600.00,TAG Heuer,FAM_WATCH,Automatique,45 mm,Titane,Montres chronographe,29600.0,29600.00,Montre classique
CBN2A1M.FC6526,"TAG HEUER CARRERA
CHRONOGRAPH X PORSCHE ORANGE RACING",CHF 6'900.00,TAG Heuer,FAM_WATCH,Automatique,44 mm,Acier et céramique,Montres chronographe,6900.0,6900.00,Montre classique
CAZ1011.BA0843,"TAG HEUER FORMULA 1
CHRONOGRAPH",CHF 2'500.00,TAG Heuer,FAM_WATCH,Quartz,43 mm,Acier et céramique,Montres chronographe,2500.0,2500.00,Montre classique
CBL2188.FT6261,"TAG HEUER MONACO
CHRONOGRAPH",CHF 11'000.00,TAG Heuer,FAM_WATCH,Automatique,39 mm,Titane DLC,Montres chronographe,11000.0,11000.00,Montre classique
CBN2A1B.BA0643,"TAG HEUER CARRERA
CHRONOGRAPH",CHF 6'450.00,TAG Heuer,FAM_WATCH,Automatique,44 mm,Acier et céramique,Montres chronographe,6450.0,6450.00,Montre classique
CBL2182.FT6235,"TAG HEUER MONACO
CHRONOGRAPH",CHF 10'500.00,TAG Heuer,FAM_WATCH,Automatique,39 mm,Titane,Montres chronographe,10500.0,10500.00,Montre classique
CAZ101AL.FT8052,"TAG HEUER FORMULA 1
RED BULL RACING",CHF 2'150.00,TAG Heuer,FAM_WATCH,Quartz,43 mm,Acier,Montres chronographe,2150.0,2150.00,Montre classique
CAW218C.FC6548,"TAG HEUER MONACO
RACING BLUE",CHF 9'000.00,TAG Heuer,FAM_WATCH,Automatique,39 mm,Titane,Montres chronographe,9000.0,9000.00,Montre classique
CBE511A.FC8279,"TAG HEUER AUTAVIA
FLYBACK CHRONOMETER",CHF 6'600.00,TAG Heuer,FAM_WATCH,Automatique,42 mm,Acier,Montres chronographe,6600.0,6600.00,Montre classique
CBN2A1F.FC6492,"TAG HEUER CARRERA
CHRONOGRAPH X PORSCHE",CHF 6'500.00,TAG Heuer,FAM_WATCH,Automatique,44 mm,Acier et céramique,Montres chronographe,6500.0,6500.00,Montre classique
CBN201K.FC6569,"TAG HEUER CARRERA
CHRONOGRAPH",CHF 6'150.00,TAG Heuer,FAM_WATCH,Automatique,42 mm,Acier,Montres chronographe,6150.0,6150.00,Montre classique
CBS5013.EB0375,"TAG HEUER CARRERA
CHRONOGRAPH TOURBILLON",CHF 24'650.00,TAG Heuer,FAM_WATCH,Automatique,42 mm,Acier,Montres chronographe,24650.0,24650.00,Montre classique
CBN201C.FC6542,"TAG HEUER CARRERA
CHRONOGRAPH",CHF 5'750.00,TAG Heuer,FAM_WATCH,Automatique,42 mm,Acier,Montres chronographe,5750.0,5750.00,Montre classique
CBU5050.FT6273,"TAG HEUER CARRERA
CHRONOGRAPH TOURBILLON EXTREME SPORT",CHF 32'000.00,TAG Heuer,FAM_WATCH,Automatique,44 mm,Or et titane,Montres chronographe,32000.0,32000.00,Montre classique
CBW2181.FC8322,"TAG HEUER MONACO
SPLIT-SECONDS CHRONOGRAPH",Prix sur demande,TAG Heuer,FAM_WATCH,Automatique,N/A,Titane,Montres chronographe,,,Montre classique
CBS5011.FC6566,"TAG HEUER CARRERA
CHRONOGRAPH TOURBILLON",CHF 23'500.00,TAG Heuer,FAM_WATCH,Automatique,42 mm,Acier,Montres chronographe,23500.0,23500.00,Montre classique
CBS2240.FC8319,"TAG HEUER CARRERA
CHRONOGRAPH",CHF 21'000.00,TAG Heuer,FAM_WATCH,Automatique,39 mm,Or 3N,Montres chronographe,21000.0,21000.00,Montre classique
CBS5010.FC6543,"TAG HEUER CARRERA
CHRONOGRAPH TOURBILLON",CHF 23'500.00,TAG Heuer,FAM_WATCH,Automatique,42 mm,Acier,Montres chronographe,23500.0,23500.00,Montre classique
CBW2182.FC8339,"TAG HEUER MONACO
SPLIT-SECONDS CHRONOGRAPH",Prix sur demande,TAG Heuer,FAM_WATCH,Automatique,41 mm,Titane,Montres chronographe,,,Montre classique
SBR8A80.EB0365,"TAG HEUER CONNECTED
CALIBRE E4 X ORACLE RED BULL RACING EDITION",CHF 1'900.00,TAG Heuer,FAM_CONNECTED_WATCH,Connectée,45 mm,Titane,Montres connectées 45mm,1900.0,1900.00,Montre connectée
SBR8A10.BT6265,"TAG HEUER CONNECTED
CALIBRE E4",CHF 1'400.00,TAG Heuer,FAM_CONNECTED_WATCH,Connectée,45 mm,Acier,Montres connectées 45mm,1400.0,1400.00,Montre connectée
SBR8A10.BA0616,"TAG HEUER CONNECTED
CALIBRE E4",CHF 1'550.00,TAG Heuer,FAM_CONNECTED_WATCH,Connectée,45 mm,Acier,Montres connectées 45mm,1550.0,1550.00,Montre connectée
SBR8A85.EB0338,"TAG HEUER CONNECTED
CALIBRE E4 MALBON GOLF EDITION",CHF 1'900.00,TAG Heuer,FAM_CONNECTED_WATCH,Connectée,45 mm,Titane,Montres connectées 45mm,1900.0,1900.00,Montre connectée
SBR8A81.EB0251,"TAG HEUER CONNECTED
CALIBRE E4 GOLF EDITION",CHF 1'900.00,TAG Heuer,FAM_CONNECTED_WATCH,Connectée,45 mm,Titane,Montres connectées 45mm,1900.0,1900.00,Montre connectée
SBR8A80.BT6261,"TAG HEUER CONNECTED
CALIBRE E4",CHF 1'750.00,TAG Heuer,FAM_CONNECTED_WATCH,Connectée,45 mm,Titane,Montres connectées 45mm,1750.0,1750.00,Montre connectée
SBR8A10.BT6259,"TAG HEUER CONNECTED
CALIBRE E4",CHF 1'400.00,TAG Heuer,FAM_CONNECTED_WATCH,Connectée,45 mm,Acier,Montres connectées 45mm,1400.0,1400.00,Montre connectée
SBR8A14.BT6317,"TAG HEUER CONNECTED
CALIBRE E4",CHF 1'400.00,TAG Heuer,FAM_CONNECTED_WATCH,Connectée,45 mm,Acier,Montres connectées 45mm,1400.0,1400.00,Montre connectée
SBR8A82.EB0264,"TAG HEUER CONNECTED
CALIBRE E4 PORSCHE EDITION",CHF 1'900.00,TAG Heuer,FAM_CONNECTED_WATCH,Connectée,45 mm,Titane,Montres connectées 45mm,1900.0,1900.00,Montre connectée
SBR8010.BT6255,"TAG HEUER CONNECTED
CALIBRE E4",CHF 1'200.00,TAG Heuer,FAM_CONNECTED_WATCH,Connectée,42 mm,Acier,Montres connectées 42mm,1200.0,1200.00,Montre connectée
SBR8010.BA0617,"TAG HEUER CONNECTED
CALIBRE E4",CHF 1'400.00,TAG Heuer,FAM_CONNECTED_WATCH,Connectée,42 mm,Acier,Montres connectées 42mm,1400.0,1400.00,Montre connectée
SBR8010.BC6608,"TAG HEUER CONNECTED
CALIBRE E4",CHF 1'300.00,TAG Heuer,FAM_CONNECTED_WATCH,Connectée,42 mm,Acier,Montres connectées 42mm,1300.0,1300.00,Montre connectée
SBR8011.BC6652,"TAG HEUER CONNECTED
CALIBRE E4 GOLDEN BRIGHT EDITION",CHF 1'600.00,TAG Heuer,FAM_CONNECTED_WATCH,Connectée,42 mm,Acier revêtu de PVD or rose,Montres connectées 42mm,1600.0,1600.00,Montre connectée
SBR8080.EB0284,"TAG HEUER CONNECTED
CALIBRE E4 GOLF EDITION",CHF 1'700.00,TAG Heuer,FAM_CONNECTED_WATCH,Connectée,42 mm,Titane,Montres connectées 42mm,1700.0,1700.00,Montre connectée
SBR8010.BC6658,"TAG HEUER CONNECTED
CALIBRE E4 METALLIC PINK LEATHER EDITION",CHF 1'300.00,TAG Heuer,FAM_CONNECTED_WATCH,Connectée,42 mm,Acier,Montres connectées 42mm,1300.0,1300.00,Montre connectée
EWTHSSP000,TAG HEUER SHIELD PRO,CHF 420.00,TAG Heuer,FAM_EYEWEAR,Non applicable,N/A,Performance Pro,Eyewear,420.0,420.00,Lunettes
EWTHSSP001,TAG HEUER SHIELD PRO,CHF 420.00,TAG Heuer,FAM_EYEWEAR,Non applicable,N/A,Performance Pro,Eyewear,420.0,420.00,Lunettes
EWTHSLT000,TAG HEUER LINE TITANIUM,CHF 820.00,TAG Heuer,FAM_EYEWEAR,Non applicable,N/A,Sport Performance,Eyewear,820.0,820.00,Lunettes
EWTHSLT001,TAG HEUER LINE TITANIUM,CHF 820.00,TAG Heuer,FAM_EYEWEAR,Non applicable,N/A,Sport Performance,Eyewear,820.0,820.00,Lunettes
EWTHSLT002,TAG HEUER LINE TITANIUM,CHF 820.00,TAG Heuer,FAM_EYEWEAR,Non applicable,N/A,Sport Performance,Eyewear,820.0,820.00,Lunettes
EWTHSLI001,TAG HEUER LINE,CHF 510.00,TAG Heuer,FAM_EYEWEAR,Non applicable,N/A,Sport Performance,Eyewear,510.0,510.00,Lunettes
EWTHSLI000,TAG HEUER LINE,CHF 510.00,TAG Heuer,FAM_EYEWEAR,Non applicable,N/A,Sport Performance,Eyewear,510.0,510.00,Lunettes
EWTHSLI002,TAG HEUER LINE,CHF 470.00,TAG Heuer,FAM_EYEWEAR,Non applicable,N/A,Sport Performance,Eyewear,470.0,470.00,Lunettes
EWTHSLI004,TAG HEUER LINE,CHF 940.00,TAG Heuer,FAM_EYEWEAR,Non applicable,N/A,Sport Performance,Eyewear,940.0,940.00,Lunettes
EWTHSLI005,TAG HEUER LINE,CHF 940.00,TAG Heuer,FAM_EYEWEAR,Non applicable,N/A,Performance sportive,Eyewear,940.0,940.00,Lunettes
EWTHSLI006,TAG HEUER LINE,CHF 470.00,TAG Heuer,FAM_EYEWEAR,Non applicable,N/A,Performance sportive,Eyewear,470.0,470.00,Lunettes
EWTHSLI007,TAG HEUER LINE,CHF 510.00,TAG Heuer,FAM_EYEWEAR,Non applicable,N/A,Performance sportive,Eyewear,510.0,510.00,Lunettes
EWTHSFT000,TAG HEUER FLEX TITANIUM,CHF 620.00,TAG Heuer,FAM_EYEWEAR,Non applicable,N/A,Urban Performance,Eyewear,620.0,620.00,Lunettes
EWTHSFT001,TAG HEUER FLEX TITANIUM,CHF 660.00,TAG Heuer,FAM_EYEWEAR,Non applicable,N/A,Urban Performance,Eyewear,660.0,660.00,Lunettes
EWTHSFL002,TAG HEUER FLEX,CHF 510.00,TAG Heuer,FAM_EYEWEAR,Non applicable,N/A,Performance urbaine,Eyewear,510.0,510.00,Lunettes
EWTHSFL000,TAG HEUER FLEX,CHF 470.00,TAG Heuer,FAM_EYEWEAR,Non applicable,N/A,Performance urbaine,Eyewear,470.0,470.00,Lunettes
EWTHSFL007,TAG HEUER FLEX,CHF 510.00,TAG Heuer,FAM_EYEWEAR,Non applicable,N/A,Urban Performance,Eyewear,510.0,510.00,Lunettes
EWTHSFL009,TAG HEUER FLEX,CHF 510.00,TAG Heuer,FAM_EYEWEAR,Non applicable,N/A,Urban Performance,Eyewear,510.0,510.00,Lunettes
EWTHSBO006,TAG HEUER BOLIDE,CHF 370.00,TAG Heuer,FAM_EYEWEAR,Non applicable,N/A,Urban Performance,Eyewear,370.0,370.00,Lunettes
EWTHSBO007,TAG HEUER BOLIDE,CHF 370.00,TAG Heuer,FAM_EYEWEAR,Non applicable,N/A,Urban Performance,Eyewear,370.0,370.00,Lunettes
EWTHSBO000,TAG HEUER BOLIDE,CHF 410.00,TAG Heuer,FAM_EYEWEAR,Non applicable,N/A,Urban Performance,Eyewear,410.0,410.00,Lunettes
EWTHSBO003,TAG HEUER BOLIDE,CHF 370.00,TAG Heuer,FAM_EYEWEAR,Non applicable,N/A,Urban Performance,Eyewear,370.0,370.00,Lunettes
EWTHSBO004,TAG HEUER BOLIDE,CHF 370.00,TAG Heuer,FAM_EYEWEAR,Non applicable,N/A,Urban Performance,Eyewear,370.0,370.00,Lunettes
EWTHSBO005,TAG HEUER BOLIDE,CHF 370.00,TAG Heuer,FAM_EYEWEAR,Non applicable,N/A,Urban Performance,Eyewear,370.0,370.00,Lunettes
EWTHSVS010,TAG HEUER VINGT-SEPT XTREME,CHF 520.00,TAG Heuer,FAM_EYEWEAR,Non applicable,N/A,Sport Performance,Eyewear,520.0,520.00,Lunettes
EWTHSVS011,TAG HEUER VINGT-SEPT XTREME,CHF 520.00,TAG Heuer,FAM_EYEWEAR,Non applicable,N/A,Sport Performance,Eyewear,520.0,520.00,Lunettes
EWTHSVS012,TAG HEUER VINGT-SEPT XOVER,CHF 520.00,TAG Heuer,FAM_EYEWEAR,Non applicable,N/A,Sport Performance,Eyewear,520.0,520.00,Lunettes
EWTHSVS013,TAG HEUER VINGT-SEPT XOVER,CHF 520.00,TAG Heuer,FAM_EYEWEAR,Non applicable,N/A,Sport Performance,Eyewear,520.0,520.00,Lunettes
EWTHSVS014,TAG HEUER VINGT-SEPT,CHF 460.00,TAG Heuer,FAM_EYEWEAR,Non applicable,N/A,Sport Performance,Eyewear,460.0,460.00,Lunettes
EWTHSVS015,TAG HEUER VINGT-SEPT,CHF 420.00,TAG Heuer,FAM_EYEWEAR,Non applicable,N/A,Urban Performance,Eyewear,420.0,420.00,Lunettes
EWTHSVS000,TAG HEUER VINGT SEPT,CHF 1'250.00,TAG Heuer,FAM_EYEWEAR,Non applicable,N/A,Sport Performance,Eyewear,1250.0,1250.00,Lunettes
EWTHSVS008,TAG HEUER VINGT SEPT,CHF 500.00,TAG Heuer,FAM_EYEWEAR,Non applicable,N/A,Sport Performance,Eyewear,500.0,500.00,Lunettes
EWTHSVS009,TAG HEUER VINGT SEPT,CHF 420.00,TAG Heuer,FAM_EYEWEAR,Non applicable,N/A,Sport Performance,Eyewear,420.0,420.00,Lunettes
EWTHSVS001,TAG HEUER VINGT SEPT,CHF 420.00,TAG Heuer,FAM_EYEWEAR,Non applicable,N/A,Sport Performance,Eyewear,420.0,420.00,Lunettes
EWTHSVS004,TAG HEUER VINGT SEPT,CHF 460.00,TAG Heuer,FAM_EYEWEAR,Non applicable,N/A,Sport Performance,Eyewear,460.0,460.00,Lunettes
EWTHSVS005,TAG HEUER VINGT SEPT,CHF 460.00,TAG Heuer,FAM_EYEWEAR,Non applicable,N/A,Sport Performance,Eyewear,460.0,460.00,Lunettes
EWTHSVS007,TAG HEUER VINGT SEPT,CHF 420.00,TAG Heuer,FAM_EYEWEAR,Non applicable,N/A,Sport Performance,Eyewear,420.0,420.00,Lunettes
